time,integrated_power,mean_periodic_power_dep,periodic_power,voltage
0,0,0,0,0.24
1e-11,-0.024419382179235,-4.9669023352565e-11,-1.2209691089618e-13,0.24
2.2e-11,-0.0464798357349,-2.2271983443739e-10,-5.4749221838099e-13,0.24
3.64e-11,-0.067664378899285,-5.5704367333233e-10,-1.3693305637471e-12,0.24
5.368e-11,-0.088897023725109,-1.1073181763292e-09,-2.7220210824219e-12,0.24
7.4416e-11,-0.11069268505594,-1.9491281700703e-09,-4.7913671830638e-12,0.24
9.92992e-11,-0.13293047331004,-3.1821641457532e-09,-7.8224290701899e-12,0.24
1.2915904e-10,-0.15475915850824,-4.9294446665814e-09,-1.2117612258066e-11,0.24
1.64990848e-10,-0.17435434926356,-7.3280863595889e-09,-1.8013978268409e-11,0.24
2.079890176e-10,-0.1883739889023,-1.0500445905876e-08,-2.581230557e-11,0.24
2.5958682112e-10,-0.19104181402802,-1.4482412191249e-08,-3.5600816595991e-11,0.24
3.21504185344e-10,-0.1726902025844,-1.9063250256112e-08,-4.6861480472252e-11,0.24
3.958050224128e-10,-0.11744964379783,-2.3448072900496e-08,-5.7640297198859e-11,0.24
4.8496602689536e-10,0.00039763772053961,-2.5570851801297e-08,-6.2858534418134e-11,0.24
5.9195923227443e-10,0.22215798123706,-2.0727503399056e-08,-5.0952564894435e-11,0.24
7.2035107872932e-10,0.6137371147817,1.1018147554198e-09,2.7084925157813e-12,0.24
8.7442129447518e-10,1.2797496935775,6.0439680702247e-08,1.485734530537e-10,0.24
1.0593055533702e-09,2.3855308531915,1.9827423531221e-07,4.8739979181959e-10,0.24
1.2811666640443e-09,4.1913331987054,4.9506541920866e-07,1.2169749734726e-09,0.24
1.5473999968531e-09,7.1051306809283,1.1067899485085e-06,2.7207225872875e-09,0.24
1.8668799962237e-09,11.763467754794,2.332913587158e-06,5.7347924954721e-09,0.24
2.2502559954685e-09,19.153722339666,4.7437952058162e-06,1.1661246818624e-08,0.24
2.7103071945622e-09,30.795567862454,9.4177707609837e-06,2.3150862244306e-08,0.24
3.2623686334746e-09,49.002598719994,1.8378250762465e-05,4.5177607577346e-08,0.24
3.9248423601695e-09,77.241857324065,3.5389332176399e-05,8.6994425212387e-08,0.24
4.7198108322034e-09,120.58707164596,6.7377594842598e-05,1.6562830590609e-07,0.24
5.6737729986441e-09,186.19282238273,0.00012690390911013,3.1195651207012e-07,0.24
6.818527598373e-09,283.54562338067,0.00023627925823951,5.8082413529869e-07,0.24
8.1922331180476e-09,423.87556394882,0.00043394101671858,1.0667183301833e-06,0.24
9.8406797416571e-09,617.41184087854,0.00078307848086029,1.9249716835307e-06,0.24
1.1818815689988e-08,866.12693802304,0.0013799845394417,3.3922923781752e-06,0.24
1.4192578827986e-08,1148.9001248138,0.0023528868018846,5.7838908600901e-06,0.24
1.7041094593583e-08,1398.4211442357,0.0038287744491731,9.4119332575544e-06,0.24
2.04593135123e-08,1481.7588820417,0.0058312649121068,1.433447618512e-05,0.24
2.41593135123e-08,1269.6215893952,0.0079018988273008,1.9424530057278e-05,0.24
2.78593135123e-08,823.95621984478,0.0094774836149787,2.3297649004372e-05,0.24
3.15593135123e-08,334.28449607614,0.010349152412966,2.5440394328826e-05,0.24
3.52593135123e-08,27.231897310769,0.010621222420302,2.6109199656592e-05,0.24
3.89593135123e-08,72.242275556796,0.010696084693318,2.6293226876397e-05,0.24
4.26593135123e-08,502.1313669119,0.011128346809167,2.7355818114964e-05,0.24
4.63593135123e-08,1185.723401999,0.012398592551154,3.0478349437449e-05,0.24
5.00593135123e-08,1872.3057510517,0.014700004131157,3.6135703370593e-05,0.24
5.37593135123e-08,2293.4187789976,0.017835045097982,4.3842293751184e-05,0.24
5.74593135123e-08,2277.1228711593,0.021274743333057,5.2297795803974e-05,0.24
6.11593135123e-08,1822.8612782555,0.024360309404223,5.9882766480392e-05,0.24
6.48593135123e-08,1105.7679439228,0.02656433718425,6.5300730541422e-05,0.24
6.85593135123e-08,412.4975095625,0.027706953399234,6.8109521630369e-05,0.24
7.22593135123e-08,34.348321877175,0.028043240635059,6.8936186418533e-05,0.24
7.59593135123e-08,152.7941776482,0,0,0.24
7.96593135123e-08,758.19563031277,0.00068559270967527,1.6853311447278e-06,0.24
8.33593135123e-08,1640.971616922,0.0024911579965992,6.123790552112e-06,0.24
8.70593135123e-08,2468.4155178421,0.0055838005664799,1.3726156751426e-05,0.24
9.07593135123e-08,2918.1438394486,0.0096376174075897,2.3691291562413e-05,0.24
9.44593135123e-08,2810.5644353837,0.013948928681063,3.4289401870853e-05,0.24
9.81593135123e-08,2183.3243778055,0.017707229524093,4.3528096175253e-05,0.24
1.018593135123e-07,1278.6841124171,0.020312667873665,4.9932811882165e-05,0.24
1.055593135123e-07,453.24598620586,0.021616083827286,5.3136882564617e-05,0.24
1.092593135123e-07,45.173900596598,0.021991184665696,5.4058959355202e-05,0.24
1.129593135123e-07,242.25466791145,0.022207497657784,5.4590702206941e-05,0.24
1.166593135123e-07,998.17644064761,0.023141021301463,5.6885499757776e-05,0.24
1.203593135123e-07,2039.1389892746,0.025426844147714,6.2504533303132e-05,0.24
1.240593135123e-07,2967.8896614985,0.029195033769713,7.1767536307062e-05,0.24
1.277593135123e-07,3423.0480852048,0.034004725699127,8.3590771138463e-05,0.24
1.314593135123e-07,3225.0356510442,0.039007940557353,9.5889726050524e-05,0.24
1.351593135123e-07,2448.0842978774,0.043277417168512,0.00010638499795603,0.24
1.388593135123e-07,1392.301319207,0.046167614576218,0.00011348971134763,0.24
1.425593135123e-07,471.57192507563,0.0475703283024,0.00011693787684956,0.24
1.462593135123e-07,59.535894865093,0.047970029425531,0.00011792042631645,0.24
1.499593135123e-07,343.59281923116,0,0,0.24
1.536593135123e-07,1240.4583292415,0.0011921252133176,2.9304946246745e-06,0.24
1.573593135123e-07,2417.9683910187,0.0039453839944511,9.698584057156e-06,0.24
1.610593135123e-07,3424.0158813508,0.0083419445181509,2.050625496104e-05,0.24
1.647593135123e-07,3868.0199657914,0.013829784855993,3.3996521278253e-05,0.24
1.684593135123e-07,3576.7945188865,0.019432603340872,4.7769428074907e-05,0.24
1.721593135123e-07,2661.0253506323,0.024127061818274,5.9309394833516e-05,0.24
1.758593135123e-07,1474.0123948444,0.027239008524765,6.6959214662648e-05,0.24
1.795593135123e-07,479.14637020456,0.028708916748166,7.0572558377989e-05,0.24
1.832593135123e-07,77.920502776751,0.029128154135434,7.1603132093004e-05,0.24
1.869593135123e-07,452.40440376218,0.029527266053597,7.2584233170101e-05,0.24
1.906593135123e-07,1481.6915755261,0.03098282800569,7.6162310731785e-05,0.24
1.943593135123e-07,2779.0987521195,0.034189413590469,8.4044772837929e-05,0.24
1.980593135123e-07,3844.4699122307,0.039174178895886,9.6298374866977e-05,0.24
2.017593135123e-07,4265.7238793596,0.045277748539561,0.00011130223338142,0.24
2.054593135123e-07,3879.0918769513,0.051407373981446,0.00012637014253059,0.24
2.091593135123e-07,2833.082278906,0.056458822007661,0.00013878766471893,0.24
2.128593135123e-07,1530.5914414041,0.059742835576092,0.0001468604611015,0.24
2.165593135123e-07,478.68534149247,0.061254977097364,0.00015057762314986,0.24
2.202593135123e-07,100.67519278416,0.06169099224825,0.00015164944013827,0.24
2.239593135123e-07,569.10595129695,0,0,0.24
2.276593135123e-07,1724.6064273501,0.0017262020619222,4.2433679004971e-06,0.24
2.313593135123e-07,3128.865922092,0.0053788282826654,1.3222291746965e-05,0.24
2.350593135123e-07,4239.1463329036,0.01092384694553,2.6853114418707e-05,0.24
2.387593135123e-07,4627.2152841715,0.017596493371308,4.3255883410296e-05,0.24
2.424593135123e-07,4143.3637521417,0.024197055742457,5.9481454627475e-05,0.24
2.461593135123e-07,2973.9131770086,0.029553376013797,7.2648416946403e-05,0.24
2.498593135123e-07,1568.5337830657,0.032971930747009,8.1051943822541e-05,0.24
2.535593135123e-07,473.175840602,0.034508480575589,8.4829106626326e-05,0.24
2.572593135123e-07,127.96654551046,0.03496088831253,8.5941220040634e-05,0.24
2.609593135123e-07,692.43726441636,0.035578307811805,8.7458967088998e-05,0.24
2.646593135123e-07,1968.1210630119,0.037580590797861,9.2380999994741e-05,0.24
2.683593135123e-07,3467.6579268849,0.041671449350077,0.00010243719112605,0.24
2.720593135123e-07,4610.4703428392,0.047750887123306,0.00011738172842504,0.24
2.757593135123e-07,4957.0820739711,0.054951235721149,0.00013508170039614,0.24
2.794593135123e-07,4374.890327637,0.061974291511151,0.00015234584933911,0.24
2.831593135123e-07,3088.2591911381,0.067590908575991,0.00016615267594885,0.24
2.868593135123e-07,1591.1361975122,0.071112527957582,0.00017480955741785,0.24
2.905593135123e-07,464.20217084854,0.072659334506843,0.00017861193339932,0.24
2.942593135123e-07,160.05287950497,0.073129136372638,0.00017976680524247,0.24
2.979593135123e-07,822.17223955425,0,0,0.24
3.016593135123e-07,2212.5017375118,0.0022838349416604,5.6141468575723e-06,0.24
3.053593135123e-07,3796.9944036915,0.0068064615476072,1.6731714718798e-05,0.24
3.090593135123e-07,4961.4841360406,0.013397917327039,3.2934900017303e-05,0.24
3.127593135123e-07,5259.559692533,0.021090070491547,5.1843831100164e-05,0.24
3.164593135123e-07,4578.3163392227,0.028493859235525,7.0043901758912e-05,0.24
3.201593135123e-07,3180.2475476155,0.034332799245482,8.4397244949563e-05,0.24
3.238593135123e-07,1601.2898140619,0.037931288633133,9.3243089068666e-05,0.24
3.275593135123e-07,453.15444668398,0.039477422294885,9.7043810951046e-05,0.24
3.312593135123e-07,197.06430570116,0.039966763923555,9.8246715642958e-05,0.24
3.349593135123e-07,957.81458454124,0.040835902678774,0.00010038324158991,0.24
3.386593135123e-07,2457.4235093489,0.043406142563474,0.0001067014320636,0.24
3.423593135123e-07,4117.3991167301,0.048354222575409,0.00011886485392185,0.24
3.460593135123e-07,5293.8696683806,0.055436955237707,0.0001362757011743,0.24
3.497593135123e-07,5537.3168119538,0.063588289559077,0.00015631339616292,0.24
3.534593135123e-07,4756.7491520332,0.071335397722254,0.0001753574181963,0.24
3.571593135123e-07,3252.7366968735,0.077363176582425,0.00019017496701678,0.24
3.608593135123e-07,1601.0495131309,0.08101603900835,0.00019915447150528,0.24
3.645593135123e-07,441.05586971276,0.08255288667737,0.00020293236646355,0.24
3.682593135123e-07,239.1403112283,0.083064788719223,0.00020419072939829,0.24
3.719593135123e-07,1099.0718575811,0,0,0.24
3.756593135123e-07,2702.7542632178,0.0028611783019909,7.0333783234781e-06,0.24
3.793593135123e-07,4429.4164528734,0.0082287073395069,2.0227894148247e-05,0.24
3.830593135123e-07,5609.0896437749,0.015783486257722,3.8799130427046e-05,0.24
3.867593135123e-07,5792.6029492698,0.024364172069396,5.9892261724179e-05,0.24
3.904593135123e-07,4912.7895881311,0.032420836385193,7.969723791837e-05,0.24
3.941593135123e-07,3308.1193299571,0.038607728018768,9.4905919416834e-05,0.24
3.978593135123e-07,1592.1364696373,0.042295562528427,0.00010397139264608,0.24
4.015593135123e-07,428.75169974796,0.043816442546943,0.00010771003575945,0.24
4.052593135123e-07,286.35859261762,0.044354620250771,0.00010903298980032,0.24
4.089593135123e-07,1245.627303793,0.045507562196692,0.00011186716370868,0.24
4.126593135123e-07,2948.2870861714,0.048663818288291,0.00011962590533012,0.24
4.163593135123e-07,4733.3963171315,0.054444899583949,0.00013383701962623,0.24
4.200593135123e-07,5908.2653489985,0.062453601320645,0.00015352409370857,0.24
4.237593135123e-07,6027.2074299443,0.071435999424622,0.00017560471834961,0.24
4.274593135123e-07,5048.5369249932,0.079771383111261,0.00019609484540625,0.24
4.311593135123e-07,3348.3433387015,0.086090707260112,0.00021162907389408,0.24
4.348593135123e-07,1575.9634948196,0.089796642096883,0.00022073904153609,0.24
4.385593135123e-07,416.94473507278,0.091296464972536,0.0002244259217614,0.24
4.422593135123e-07,338.78941099829,0.091865215376186,0.00022582402993163,0.24
4.459593135123e-07,1397.2156802118,0,0,0.24
4.496593135123e-07,3193.8355576952,0.003455133340624,8.4934447901279e-06,0.24
4.533593135123e-07,5029.6093974506,0.0096439335449676,2.3706817957148e-05,0.24
4.570593135123e-07,6192.3162612857,0.018089330357219,4.446738042581e-05,0.24
4.607593135123e-07,6242.6234762947,0.027447617304928,6.7472018940333e-05,0.24
4.644593135123e-07,5165.7603775536,0.036033338825657,8.8577529069953e-05,0.24
4.681593135123e-07,3375.0586210945,0.042460988387659,0.00010437804421745,0.24
4.718593135123e-07,1553.7250419908,0.046170292396824,0.00011349629399416,0.24
4.755593135123e-07,406.21507030176,0.047645304126533,0.0001171221832019,0.24
4.792593135123e-07,396.46208552581,0.048249382900466,0.00011860713594018,0.24
4.829593135123e-07,1553.5773020604,0.049716943542775,0.00012221470880722,0.24
4.866593135123e-07,3439.2186894062,0.053474421950033,0.00013145138139143,0.24
4.903593135123e-07,5318.2860451137,0.060065144863138,0.00014765276515029,0.24
4.940593135123e-07,6462.0460359059,0.068930787180672,0.00016944637950018,0.24
4.977593135123e-07,6440.1532165739,0.078640724294103,0.00019331544811726,0.24
5.014593135123e-07,5265.9968799232,0.087450538733725,0.00021497182579578,0.24
5.051593135123e-07,3389.6954460555,0.09396463966441,0.00023098485659884,0.24
5.088593135123e-07,1526.4583417944,0.09766443868207,0.00024007974110637,0.24
5.125593135123e-07,397.07006645911,0.099112047691554,0.00024363826866164,0.24
5.162593135123e-07,459.40228185877,0,0,0.24
5.199593135123e-07,1714.4733238018,0.001636015303308,4.0216698704721e-06,0.24
5.236593135123e-07,3684.2477259286,0.0056989847909142,1.4009303812473e-05,0.24
5.273593135123e-07,5599.582077635,0.01268580942448,3.1184388949066e-05,0.24
5.310593135123e-07,6718.1087604389,0.021955857195398,5.3972116999503e-05,0.24
5.347593135123e-07,6620.8966060868,0.031994525854138,7.8649276927576e-05,0.24
5.384593135123e-07,5350.5662768893,0.041004009390608,0.00010079648326108,0.24
5.421593135123e-07,3393.4897257422,0.047584611057068,0.00011697298686595,0.24
5.458593135123e-07,1495.0550696068,0.051263632099152,0.00012601679473735,0.24
5.495593135123e-07,389.92994973002,0.052682234125005,0.00012950401702312,0.24
5.532593135123e-07,527.60273841853,0.053372750875451,0.00013120145249619,0.24
5.569593135123e-07,1879.6706039959,0.055184416647486,0.00013565490817966,0.24
5.606593135123e-07,3928.7528299164,0.059555719955379,0.0001464004915324,0.24
5.643593135123e-07,5873.6544864495,0.06693281565353,0.00016453494506767,0.24
5.680593135123e-07,6961.1155594128,0.076592006894645,0.00018827926965252,0.24
5.717593135123e-07,6785.8582933203,0.086937704476735,0.00021371117128008,0.24
5.754593135123e-07,5420.6581679363,0.096124084635147,0.0002362932267334,0.24
5.791593135123e-07,3387.5479054913,0.10275296436189,0.00025258840796924,0.24
5.828593135123e-07,1460.3140060326,0.10640136827926,0.00026155695250556,0.24
5.865593135123e-07,385.17537853079,0.1077902466803,0.000264971107867,0.24
5.902593135123e-07,601.05870106064,0,0,0.24
5.939593135123e-07,2048.9479536113,0.001994342008173,4.9025123111431e-06,0.24
5.976593135123e-07,4172.5483756513,0.0066765157156494,1.6412280520279e-05,0.24
6.013593135123e-07,6140.5933054392,0.014437979882005,3.5491592630296e-05,0.24
6.050593135123e-07,7191.5592277126,0.024471491235404,6.0156074816627e-05,0.24
6.087593135123e-07,6935.8933972496,0.035103529531898,8.6291862172807e-05,0.24
6.124593135123e-07,5477.3079623727,0.044445456611122,0.00010925628468811,0.24
6.161593135123e-07,3372.8401811475,0.051105901100973,0.00012562905875362,0.24
6.198593135123e-07,1422.9294833309,0.054715101435066,0.00013450123263291,0.24
6.235593135123e-07,383.11991720241,0.05607429809292,0.00013784242402389,0.24
6.272593135123e-07,679.73653348419,0.056874182600577,0.00013980870845766,0.24
6.309593135123e-07,2222.0888199528,0.059058038325067,0.00014517708536152,0.24
6.346593135123e-07,4415.4731493399,0.064053334711917,0.00015745657500471,0.24
6.383593135123e-07,6400.5097081114,0.072193227090778,0.000177466143291,0.24
6.420593135123e-07,7409.9258688516,0.082586684697289,0.00020301544910838,0.24
6.457593135123e-07,7071.8101065436,0.093485349557652,0.00022980666066286,0.24
6.494593135123e-07,5521.4734220199,0.10296280287558,0.0002531042351907,0.24
6.531593135123e-07,3350.2551990092,0.10963948840119,0.00026951693313961,0.24
6.568593135123e-07,1383.5387768737,0.11320204707156,0.00027827445199499,0.24
6.605593135123e-07,384.05750430096,0.11453230468085,0.00028154450511516,0.24
6.642593135123e-07,763.60992516892,0,0,0.24
6.679593135123e-07,2398.8835701398,0.0023800293546994,5.8506129663211e-06,0.24
6.716593135123e-07,4657.3439862503,0.0076904050890875,1.8904633945643e-05,0.24
6.753593135123e-07,6653.4498077964,0.016202682282611,3.9829602464629e-05,0.24
6.790593135123e-07,7616.5990909913,0.026942035682861,6.6229192927387e-05,0.24
6.827593135123e-07,7194.2964540379,0.038088419452139,9.3629349685691e-05,0.24
6.864593135123e-07,5553.9944504855,0.047682528221065,0.00011721368785906,0.24
6.901593135123e-07,3320.5792609327,0.054361354904804,0.00013363164922518,0.24
6.938593135123e-07,1342.6984707439,0.05787084446011,0.00014225871302878,0.24
6.975593135123e-07,388.22622338062,0.059173503766414,0.00014546092371291,0.24
7.012593135123e-07,852.62594557688,0.060107344291728,0.00014775650022549,0.24
7.049593135123e-07,2579.1275505003,0.062690013337806,0.00015410524419323,0.24
7.086593135123e-07,4898.0075018923,0.068317155635535,0.00016793794404016,0.24
7.123593135123e-07,6899.4952846957,0.077195720282665,0.00018976332419534,0.24
7.160593135123e-07,7811.979517292,0.088267281989145,0.00021697955257902,0.24
7.197593135123e-07,7304.023674532,0.099643283671248,0.00024494415848389,0.24
7.234593135123e-07,5575.6655950244,0.10933628022173,0.00026877158363257,0.24
7.271593135123e-07,3284.5469099919,0.11600429894876,0.00028516297676685,0.24
7.308593135123e-07,1300.9311538774,0.11945523803006,0.00029364611118501,0.24
7.345593135123e-07,395.85799437515,0.12073220760725,0.00029678517110928,0.24
7.382593135123e-07,946.7422452261,0,0,0.24
7.419593135123e-07,2762.6186371147,0.0027915908128321,6.8623176323305e-06,0.24
7.456593135123e-07,5137.2818414111,0.008736897914961,2.1477133517603e-05,0.24
7.493593135123e-07,7138.6607994062,0.017975526827587,4.4187627403115e-05,0.24
7.530593135123e-07,7996.3726870092,0.029365850328794,7.2187439352984e-05,0.24
7.567593135123e-07,7401.5599025301,0.040954026437029,0.00010067361464363,0.24
7.604593135123e-07,5585.8050475122,0.050728057551132,0.00012470023980121,0.24
7.641593135123e-07,3242.1250611446,0.057371781192305,0.00014103191050222,0.24
7.678593135123e-07,1258.5459918676,0.060758896213381,0.0001493581519503,0.24
7.715593135123e-07,407.2323302848,0.062012527663066,0.00015243984184628,0.24
7.752593135123e-07,1045.8388082301,0.06310607994049,0.00015512802345253,0.24
7.789593135123e-07,2948.6173991203,0.066112227793018,0.00016251776743613,0.24
7.826593135123e-07,5373.8328265561,0.072375537383857,0.00017791430035363,0.24
7.863593135123e-07,7369.2745701424,0.081965745148465,0.00020148904903752,0.24
7.900593135123e-07,8168.1466335848,0.093658897597966,0.00023023327826442,0.24
7.937593135123e-07,7485.6578042405,0.10543963774178,0.0002591928164744,0.24
7.974593135123e-07,5586.5216681528,0.11527749856912,0.00028337634849832,0.24
8.011593135123e-07,3194.6451258099,0.12188602907492,0.00029962150706715,0.24
8.048593135123e-07,1216.1954801244,0.12520553949813,0.00030778156218813,0.24
8.085593135123e-07,422.57860665238,0.12643884810036,0.00031081329424867,0.24
8.122593135123e-07,1150.1628533855,0,0,0.24
8.159593135123e-07,3137.8521857156,0.0032270743581267,7.932827822337e-06,0.24
8.196593135123e-07,5609.1782955377,0.0098099145577083,2.4114834212656e-05,0.24
8.233593135123e-07,7593.666305648,0.019746111347669,4.8540096724849e-05,0.24
8.270593135123e-07,8330.1525696946,0.031730058956874,7.7999161644233e-05,0.24
8.307593135123e-07,7559.1957770679,0.04368806473568,0.00010739445608574,0.24
8.344593135123e-07,5578.816986819,0.053575470381526,0.00013169977969893,0.24
8.381593135123e-07,3142.924880843,0.060139278876291,0.00014783500215411,0.24
8.418593135123e-07,1174.3081631698,0.063388342120555,0.00015582188328553,0.24
8.455593135123e-07,441.87924109594,0.064604652437257,0.00015881182998342,0.24
8.492593135123e-07,1259.3051601454,0.065884929793943,0.00016195902112572,0.24
8.529593135123e-07,3329.6835855767,0.069338510944199,0.00017044865030531,0.24
8.566593135123e-07,5842.6678404317,0.076241439180384,0.00018741750044342,0.24
8.603593135123e-07,7811.3714934618,0.086517196102286,0.00021267747321112,0.24
8.640593135123e-07,8482.2156985292,0.098779423951234,0.00024282060951631,0.24
8.677593135123e-07,7622.276440182,0.11089934264499,0.00027261391997292,0.24
8.714593135123e-07,5562.9783487013,0.120822301694,0.00029700664133236,0.24
8.751593135123e-07,3087.3077586096,0.12733233401264,0.00031300967063088,0.24
8.788593135123e-07,1133.166069431,0.13050857820615,0.00032081754721276,0.24
8.825593135123e-07,465.2771237349,0.13171153458446,0.00032377466712012,0.24
8.862593135123e-07,1373.2535297765,0,0,0.24
8.899593135123e-07,3524.0025525935,0.00368557698247,9.0599237523844e-06,0.24
8.936593135123e-07,6074.2115116996,0.010909000922976,2.6816619771327e-05,0.24
8.973593135123e-07,8022.4417834046,0.021517860259805,5.2895428367269e-05,0.24
9.010593135123e-07,8624.5961122914,0.034046088039348,8.3692448474307e-05,0.24
9.047593135123e-07,7675.346373676,0.046313098755437,0.00011384734207335,0.24
9.084593135123e-07,5539.5387637609,0.05625835701217,0.00013829487957761,0.24
9.121593135123e-07,3028.2810389956,0.062706326839328,0.0001541453462127,0.24
9.158593135123e-07,1093.0953327611,0.065807992269185,0.00016176989250045,0.24
9.195593135123e-07,492.87569467055,0.067001562345009,0.0001647039389012,0.24
9.232593135123e-07,1491.907637174,0.068495270584889,0.00016837578806512,0.24
9.269593135123e-07,3720.5996274294,0.072418099302084,0.00017801892650463,0.24
9.306593135123e-07,6303.634361666,0.079962137317598,0.00019656375938446,0.24
9.343593135123e-07,8226.8641575541,0.090897499893192,0.00022344518164502,0.24
9.380593135123e-07,8757.4966729191,0.10367959016699,0.00025486624918139,0.24
9.417593135123e-07,7718.7894939905,0.11607931361048,0.00028534737859017,0.24
9.454593135123e-07,5508.967455101,0.12603425893523,0.00030981872894599,0.24
9.491593135123e-07,2966.2848548921,0.13241256431868,0.00032549794571948,0.24
9.528593135123e-07,1054.4088133272,0.13543845795951,0.00033293622900569,0.24
9.565593135123e-07,524.79999378002,0.13662693892357,0.00033585776529883,0.24
9.602593135123e-07,1615.1995105565,0,0,0.24
9.639593135123e-07,3919.286102414,0.0041651431826094,1.0238798383996e-05,0.24
9.676593135123e-07,6530.7511317478,0.012029632204295,2.9571367267195e-05,0.24
9.713593135123e-07,8424.5855628379,0.023284719493906,5.7238740152178e-05,0.24
9.750593135123e-07,8881.0676498824,0.036308607988735,8.9254198595711e-05,0.24
9.787593135123e-07,7752.9423621296,0.048827031243575,0.00012002711711793,0.24
9.824593135123e-07,5471.6950092187,0.058779628836504,0.00014449269625493,0.24
9.861593135123e-07,2901.7217947558,0.06508129485484,0.00015998351734228,0.24
9.898593135123e-07,1017.3751393493,0.068030728825508,0.00016723384667037,0.24
9.935593135123e-07,561.12893431306,0.069218679421265,0.00017015407920665,0.24
9.972593135123e-07,1743.036647229,0.070952748354622,0.0001744167855325,0.24
1.0009593135123e-06,4119.8864828345,0.075365067043845,0.00018526319332312,0.24
1.0046593135123e-06,6755.4332562832,0.083549615173111,0.00020538253484049,0.24
1.0083593135123e-06,8615.6343924941,0.095117573264227,0.00023381900999073,0.24
1.0120593135123e-06,8995.5339106384,0.1083713863058,0.00026639967135152,0.24
1.0157593135123e-06,7778.1862482693,0.12099495262299,0.0002974310536455,0.24
1.0194593135123e-06,5428.1678100936,0.13093379056023,0.00032186280865347,0.24
1.0231593135123e-06,2834.9997262585,0.13715248518474,0.00033714966859572,0.24
1.0268593135123e-06,982.27587073831,0.14002529045353,0.00034421162845017,0.24
1.0305593135123e-06,601.96331573834,0.14121755718049,0.00034714247094515,0.24
1.0342593135123e-06,1875.3383314163,0,0,0.24
1.0379593135123e-06,4322.2052437588,0.0046641473438053,1.1465455614074e-05,0.24
1.0416593135123e-06,6977.4898978619,0.013168071913486,3.2369891626072e-05,0.24
1.0453593135123e-06,8799.9467638188,0.025041855196334,6.1558149450182e-05,0.24
1.0490593135123e-06,9101.0238665686,0.038513767673351,9.4674945116398e-05,0.24
1.0527593135123e-06,7790.6085932851,0.051226072429987,0.00012592446516713,0.24
1.0564593135123e-06,5376.348956055,0.06113526134247,0.00015028333663341,0.24
1.0601593135123e-06,2765.5603823647,0.067262699472378,0.00016534586890948,0.24
1.0638593135123e-06,949.50710379102,0.070058584961109,0.00017221874375887,0.24
1.0675593135123e-06,647.69654506769,0.071260608483167,0.00017517357050926,0.24
1.0712593135123e-06,2011.4654545861,0.073261840620866,0.00018009302020862,0.24
1.0749593135123e-06,4523.8902151964,0.078180218590831,0.00019218342819772,0.24
1.0786593135123e-06,7192.8226837685,0.086997982384334,0.0002138593470608,0.24
1.0823593135123e-06,8972.3112602087,0.099163538887893,0.00024376484485716,0.24
1.0860593135123e-06,9192.2521645113,0.11283382603007,0.00027736928719289,0.24
1.0897593135123e-06,7798.5304545151,0.1256207492135,0.00030880223503809,0.24
1.0934593135123e-06,5320.8570219825,0.13549413784056,0.00033307310186961,0.24
1.0971593135123e-06,2695.2995234843,0.14152693693355,0.00034790299147872,0.24
1.1008593135123e-06,919.06455609396,0.14424703505255,0.00035458956502594,0.24
1.1045593135123e-06,698.26305340862,0.14546420346491,0.00035758162110352,0.24
1.1082593135123e-06,2153.4448789372,0,0,0.24
1.1119593135123e-06,4730.6443855387,0.0051808278986593,1.273556513928e-05,0.24
1.1156593135123e-06,7411.1190565757,0.014318476229926,3.5197827507192e-05,0.24
1.1193593135123e-06,9145.2367248332,0.026778458463899,6.5827085702799e-05,0.24
1.1230593135123e-06,9282.3294983943,0.040646676252175,9.991808321577e-05,0.24
1.1267593135123e-06,7796.4269627695,0.053499806789718,0.00013151378266892,0.24
1.1304593135123e-06,5259.7658438034,0.063325636372088,0.00015566773936108,0.24
1.1341593135123e-06,2624.0505625885,0.069258838923211,0.00017025279971291,0.24
1.1378593135123e-06,891.50855874242,0.071904578406742,0.00017675658408737,0.24
1.1415593135123e-06,753.06431122408,0.073142251057221,0.00017979904389681,0.24
1.1452593135123e-06,2297.5356267376,0.075438071558533,0.00018544265378204,0.24
1.1489593135123e-06,4934.39743884,0.080880679745025,0.00019882172995336,0.24
1.1526593135123e-06,7620.2052208213,0.090329022614633,0.00022204774487373,0.24
1.1563593135123e-06,9304.108630015,0.1030659227325,0.00025335772549778,0.24
1.1600593135123e-06,9356.7289043961,0.11710969584414,0.00028788027493644,0.24
1.1637593135123e-06,7789.0726128393,0.13001328314998,0.00031960000774332,0.24
1.1674593135123e-06,5194.664373878,0.13978458393145,0.00034361992116875,0.24
1.1711593135123e-06,2552.0060058113,0.14561457312579,0.00035795126137117,0.24
1.1748593135123e-06,866.52554906762,0.14818729160336,0.0003642755447477,0.24
1.1785593135123e-06,813.04823065979,0.14945130523851,0.0003673827562402,0.24
1.1822593135123e-06,2447.8663715236,0,0,0.24
1.1859593135123e-06,5143.6501941914,0.0057132235370257,1.4044305646573e-05,0.24
1.1896593135123e-06,7832.7821859863,0.0154790270177,3.8050705549901e-05,0.24
1.1933593135123e-06,9464.2092545742,0.028496396836037,7.0050139714938e-05,0.24
1.1970593135123e-06,9430.7657538883,0.042716377127906,0.00010500584348059,0.24
1.2007593135123e-06,7772.6389837769,0.055663315465378,0.00013683214224527,0.24
1.2044593135123e-06,5125.0012912096,0.065369821583527,0.000160692776754,0.24
1.2081593135123e-06,2479.7951471651,0.071093039287119,0.00017476165016499,0.24
1.2118593135123e-06,844.83277255838,0.073595087766944,0.00018091221181648,0.24
1.2155593135123e-06,877.13586758078,0.07489100692614,0.00018409785380074,0.24
1.2192593135123e-06,2599.6732057303,0.077507583898533,0.00019052995058636,0.24
1.2229593135123e-06,5348.9656252808,0.083489570509975,0.00020523493242373,0.24
1.2266593135123e-06,8035.2319834306,0.093562249946339,0.00022999569799985,0.24
1.2303593135123e-06,9609.662845563,0.10684144489674,0.00026263875343349,0.24
1.2340593135123e-06,9489.0152659041,0.12121472806987,0.0002979713079397,0.24
1.2377593135123e-06,7751.1388711351,0.13418932327032,0.00032986559309323,0.24
1.2414593135123e-06,5051.6438647341,0.14382444150168,0.00035355074115458,0.24
1.2451593135123e-06,2407.1965398821,0.14943781561339,0.00036734959590312,0.24
1.2488593135123e-06,826.10430343556,0.15187113316205,0.00037333120246326,0.24
1.2525593135123e-06,946.70059652818,0.15320531067367,0.00037661089152819,0.24
1.2562593135123e-06,2757.8958840973,0,0,0.24
1.2599593135123e-06,5559.8931799199,0.006259801693798,1.5387909768432e-05,0.24
1.2636593135123e-06,8241.328899735,0.016646325406505,4.0920170615793e-05,0.24
1.2673593135123e-06,9756.6743372075,0.030191262682563,7.4216476604137e-05,0.24
1.2710593135123e-06,9547.3705107402,0.044719100754231,0.00010992895957284,0.24
1.2747593135123e-06,7721.3118628887,0.057715165734977,0.00014187602196405,0.24
1.2784593135123e-06,4974.5847791461,0.06726984362984,0.00016536343075182,0.24
1.2821593135123e-06,2335.1057448195,0.072770970524366,0.00017888635822115,0.24
1.2858593135123e-06,810.96675195062,0.075138641763985,0.00018470659234018,0.24
1.2895593135123e-06,1020.2029224938,0.076516743437578,0.0001880942562379,0.24
1.2932593135123e-06,2917.0148702687,0.079479814804056,0.00019537810915451,0.24
1.2969593135123e-06,5766.1009170114,0.086014554083247,0.00021144187336098,0.24
1.3006593135123e-06,8436.6160970112,0.09670323485366,0.00023771689983692,0.24
1.3043593135123e-06,9888.6801534931,0.11049448630586,0.00027161869790036,0.24
1.3080593135123e-06,9590.056385492,0.12515379385037,0.00030765436049748,0.24
1.3117593135123e-06,7686.700587098,0.13815593561281,0.00033961636089677,0.24
1.3154593135123e-06,4894.2148595714,0.14762408095966,0.00036289105447311,0.24
1.3191593135123e-06,2263.0664594235,0.15301050773471,0.00037613202491325,0.24
1.3228593135123e-06,799.18469528368,0.15531509670872,0.00038179718954946,0.24
1.3265593135123e-06,1099.4468266579,0.1567439688195,0.00038530965786505,0.24
1.3302593135123e-06,3082.6681134984,0,0,0.24
1.3339593135123e-06,5977.9519677125,0.0068188414607177,1.676214715024e-05,0.24
1.3376593135123e-06,8635.6071946233,0.017816713815108,4.3797231600561e-05,0.24
1.3413593135123e-06,10022.383909447,0.03185834476021,7.8314515143092e-05,0.24
1.3450593135123e-06,9633.1418572008,0.046650700341674,0.00011467723781139,0.24
1.3487593135123e-06,7644.4228020562,0.059653449952937,0.00014664073243102,0.24
1.3524593135123e-06,4810.906598789,0.069027081753425,0.00016968309182258,0.24
1.3561593135123e-06,2192.1291263374,0.074297426379441,0.00018263870791406,0.24
1.3598593135123e-06,791.23508302376,0.076542646616122,0.00018815793170138,0.24
1.3635593135123e-06,1182.4249035559,0.078027983648822,0.00019180920267655,0.24
1.3672593135123e-06,3248.6213177739,0.08136270041407,0.00020000663818601,0.24
1.3709593135123e-06,6184.303300517,0.088461730823304,0.00021745754872985,0.24
1.3746593135123e-06,8823.1220223092,0.099756018972756,0.00024522128557708,0.24
1.3783593135123e-06,10140.815953211,0.11402789941437,0.00028030457083179,0.24
1.3820593135123e-06,9660.7420289835,0.12893015592061,0.00031693745309885,0.24
1.3857593135123e-06,7597.6228606187,0.14191845616923,0.00034886542814462,0.24
1.3894593135123e-06,4724.662182209,0.15119196144676,0.00037166165547385,0.24
1.3931593135123e-06,2121.6761116048,0.15634437871992,0.0003843273813174,0.24
1.3968593135123e-06,787.02719835585,0.15853341065693,0.00038970848244083,0.24
1.4005593135123e-06,1271.4008824341,0.16008254246197,0.00039351657439029,0.24
1.4042593135123e-06,3421.2104372066,0,0,0.24
1.4079593135123e-06,6396.3013994485,0.0073884630580298,1.8162396897812e-05,0.24
1.4116593135123e-06,9014.3579485271,0.018986217070129,4.6672116691567e-05,0.24
1.4153593135123e-06,10261.072689499,0.033492520659695,8.2331663371914e-05,0.24
1.4190593135123e-06,9689.0032561785,0.048506548814892,0.00011923930387142,0.24
1.4227593135123e-06,7543.8361946637,0.061475639128807,0.00015112005685548,0.24
1.4264593135123e-06,4636.2147309984,0.070642101854442,0.00017365315106795,0.24
1.4301593135123e-06,2052.8629327927,0.075676167922658,0.00018602794474596,0.24
1.4338593135123e-06,786.82894788916,0.077813263238222,0.00019128137472523,0.24
1.4375593135123e-06,1363.8642840431,0.079431831950709,0.0001952601572043,0.24
1.4412593135123e-06,3593.5104591969,0.083162653034977,0.00020443130047929,0.24
1.4449593135123e-06,6602.094919624,0.09083566173097,0.00022329317043011,0.24
1.4486593135123e-06,9193.5876119269,0.10272317649056,0.00025251518311348,0.24
1.4523593135123e-06,10365.922017837,0.11744327224773,0.00028870027592854,0.24
1.4560593135123e-06,9702.0911578513,0.13254605760349,0.00032582610030357,0.24
1.4597593135123e-06,7482.2839884668,0.14547867465111,0.00035761719432426,0.24
1.4634593135123e-06,4543.7633827472,0.15452923738174,0.000379865381961,0.24
1.4671593135123e-06,1984.7973604965,0.15944250162589,0.000391943219336,0.24
1.4708593135123e-06,791.13910911647,0.16153161589419,0.00039707870180479,0.24
1.4745593135123e-06,1462.4429163687,0.16322761665493,0.00040124782855194,0.24
1.4782593135123e-06,3770.8866623233,0,0,0.24
1.4819593135123e-06,6809.8564614341,0.0079628556600773,1.9574374778951e-05,0.24
1.4856593135123e-06,9371.1050598367,0.020140323681755,4.9509153593302e-05,0.24
1.4893593135123e-06,10466.427315995,0.035069653797159,8.6208588488591e-05,0.24
1.4930593135123e-06,9710.1930449084,0.050254174748368,0.00012353533615626,0.24
1.4967593135123e-06,7417.1122588099,0.06314384217384,0.00015522085096814,0.24
1.5004593135123e-06,4450.3939852817,0.072075090023018,0.00017717573751971,0.24
1.5041593135123e-06,1918.8099057807,0.076868425487354,0.00018895876471818,0.24
1.5078593135123e-06,799.64787185567,0.078914282441648,0.0001939879116068,0.24
1.5115593135123e-06,1565.470969109,0.080694223578981,0.00019836338146259,0.24
1.5152593135123e-06,3950.7547598439,0.084845624738076,0.00020856839906115,0.24
1.5189593135123e-06,7016.6084822305,0.093099442966797,0.00022885802105899,0.24
1.5226593135123e-06,9544.030802126,0.10556264887942,0.00025949520373505,0.24
1.5263593135123e-06,10560.151487206,0.12069265438672,0.00029668794097031,0.24
1.5300593135123e-06,9711.476253186,0.13594867599159,0.00033419045229004,0.24
1.5337593135123e-06,7347.1098827823,0.1487866267458,0.00036574883664158,0.24
1.5374593135123e-06,4355.4504826137,0.15759373962559,0.00038739857331756,0.24
1.5411593135123e-06,1854.6906902799,0.16226736766948,0.00039888733448742,0.24
1.5448593135123e-06,812.45598664383,0.1642746089156,0.00040382155583973,0.24
1.5485593135123e-06,1673.2169945519,0.16614527668779,0.00040842005085494,0.24
1.5522593135123e-06,4133.430333366,0,0,0.24
1.5559593135123e-06,7222.6574420311,0.0085463645380083,2.1008762384485e-05,0.24
1.5596593135123e-06,9712.6718397167,0.021291554648866,5.2339121555718e-05,0.24
1.5633593135123e-06,10647.438120848,0.036614166202988,9.0005324982763e-05,0.24
1.5670593135123e-06,9706.3343512155,0.051932008290014,0.00012765980405608,0.24
1.5707593135123e-06,7272.6889235505,0.064710081626137,0.0001590709971144,0.24
1.5744593135123e-06,4259.2971186364,0.073388823681766,0.00018040517129244,0.24
1.5781593135123e-06,1792.681560272,0.077943421795939,0.00019160133184842,0.24
1.5818593135123e-06,829.62926651969,0.079916920477966,0.00019645260687799,0.24
1.5855593135123e-06,1785.5634644787,0.081885062223461,0.00020129071343034,0.24
1.5892593135123e-06,4318.6721212192,0.086478987840545,0.00021258354926388,0.24
1.5929593135123e-06,7427.7393465514,0.09531910218296,0.00023431441047925,0.24
1.5966593135123e-06,9876.8414115407,0.10834218356989,0.00026632788488172,0.24
1.6003593135123e-06,10728.230606872,0.1238491486695,0.00030444726811579,0.24
1.6040593135123e-06,9694.8379481101,0.13921914160261,0.0003422299449425,0.24
1.6077593135123e-06,7194.0120931567,0.15192935236667,0.00037347431751885,0.24
1.6114593135123e-06,4162.1446123452,0.16047576878009,0.00039448320742403,0.24
1.6151593135123e-06,1732.9904979763,0.16491232956142,0.00040538920737812,0.24
1.6188593135123e-06,851.30917929939,0.16685722181254,0.00041017016178108,0.24
1.6225593135123e-06,1902.5237152443,0,0,0.24
1.6262593135123e-06,4506.3410526236,0.004823183447002,1.1856399820556e-05,0.24
1.6299593135123e-06,7631.61192377,0.013957964097976,3.4311612826884e-05,0.24
1.6336593135123e-06,10036.300021369,0.027254481269649,6.6997249925391e-05,0.24
1.6373593135123e-06,10802.395401451,0.042937266670955,0.00010554883645761,0.24
1.6410593135123e-06,9677.0045620935,0.058349653495519,0.00014343572639016,0.24
1.6447593135123e-06,7111.2211360095,0.070984136391397,0.00017449394393165,0.24
1.6484593135123e-06,4064.1838954717,0.079394522709989,0.0001951684432399,0.24
1.6521593135123e-06,1675.7712447802,0.08371429814944,0.00020578736024936,0.24
1.6558593135123e-06,877.54853773765,0.085635875551367,0.00021051100184702,0.24
1.6595593135123e-06,2024.0359950546,0.087819550039056,0.00021587893323268,0.24
1.6632593135123e-06,4696.3050179691,0.092877144278638,0.00022831156410678,0.24
1.6669593135123e-06,7834.1569461272,0.10230731934358,0.00025149291874036,0.24
1.6706593135123e-06,10191.020124871,0.11587270710367,0.0002848394963217,0.24
1.6743593135123e-06,10870.024699151,0.13172282821733,0.00032380242924614,0.24
1.6780593135123e-06,9653.0257135948,0.14716806549696,0.00036177007250972,0.24
1.6817593135123e-06,7024.5638093028,0.1597192858201,0.00039262361312708,0.24
1.6854593135123e-06,3965.6742417733,0.16799031917258,0.00041295555352158,0.24
1.6891593135123e-06,1621.2465147801,0.17219492399554,0.0004232913569212,0.24
1.6928593135123e-06,908.47413034854,0.17409874115865,0.00042797134011469,0.24
1.6965593135123e-06,2150.076587536,0,0,0.24
1.7002593135123e-06,4888.3805296295,0.0052970020572364,1.3021145666756e-05,0.24
1.7039593135123e-06,8035.0939832684,0.015022950506153,3.6929573515617e-05,0.24
1.7076593135123e-06,10340.739124037,0.028852234986049,7.0924864764132e-05,0.24
1.7113593135123e-06,10930.976579532,0.044860902790241,0.00011027753881573,0.24
1.7150593135123e-06,9622.9181880169,0.060329352914403,0.0001483022441357,0.24
1.7187593135123e-06,6934.1805900734,0.072789894312818,0.00017893287687517,0.24
1.7224593135123e-06,3866.7998012038,0.080918496135685,0.00019891469059903,0.24
1.7261593135123e-06,1569.5572393467,0.085009789717263,0.00020897195112405,0.24
1.7298593135123e-06,944.12387397421,0.086901535849526,0.00021362226118369,0.24
1.7335593135123e-06,2280.5731947891,0.089328378369536,0.0002195879507609,0.24
1.7372593135123e-06,5082.4363513888,0.094869632093798,0.00023320951842133,0.24
1.7409593135123e-06,8234.3199133909,0.10489155652355,0.00025784551751118,0.24
1.7446593135123e-06,10485.454868361,0.1189796846288,0.00029247710085742,0.24
1.7483593135123e-06,10985.370511677,0.13513819839331,0.00033219812781049,0.24
1.7520593135123e-06,9586.8951785383,0.15062047410645,0.00037025681933738,0.24
1.7557593135123e-06,6840.3319138781,0.16298327667166,0.00040064718945835,0.24
1.7594593135123e-06,3767.8232785044,0.17096676210634,0.00042027227656426,0.24
1.7631593135123e-06,1520.9204273752,0.17494696484451,0.00043005645242014,0.24
1.7668593135123e-06,984.61032312913,0.17683257717673,0.00043469168430857,0.24
1.7705593135123e-06,2415.4832375469,0,0,0.24
1.7742593135123e-06,5278.2712091443,0.0057901657214909,1.4233445726379e-05,0.24
1.7779593135123e-06,8431.5460634718,0.016107900004516,3.9596607680719e-05,0.24
1.7816593135123e-06,10624.90942336,0.030449407274796,7.4851050331358e-05,0.24
1.7853593135123e-06,11033.078216804,0.046748775613032,0.00011491832746566,0.24
1.7890593135123e-06,9544.9880105484,0.062235416694413,0.00015298774998626,0.24
1.7927593135123e-06,6743.1664422023,0.074493555972464,0.00018312083572385,0.24
1.7964593135123e-06,3668.9272449233,0.082329489439521,0.00020238320904504,0.24
1.8001593135123e-06,1475.466488474,0.086201057275401,0.00021190033745182,0.24
1.8038593135123e-06,1029.9566974867,0.088086588656691,0.00021653537034585,0.24
1.8075593135123e-06,2554.7224521859,0.090784346491152,0.00022316702677274,0.24
1.8112593135123e-06,5475.7514268773,0.096827920523057,0.00023802340344901,0.24
1.8149593135123e-06,8626.6787766526,0.10744112744563,0.00026411289932554,0.24
1.8186593135123e-06,10759.11826837,0.12203049058577,0.00029997662385883,0.24
1.8223593135123e-06,11074.237581136,0.13846183753099,0.00034036833218042,0.24
1.8260593135123e-06,9497.4231647976,0.15394365797517,0.00037842590456039,0.24
1.8297593135123e-06,6642.9507750588,0.16609058059483,0.00040828559634913,0.24
1.8334593135123e-06,3570.3737161243,0.1737769243404,0.00042718024665782,0.24
1.8371593135123e-06,1433.4049125132,0.17754266806074,0.0004364372371208,0.24
1.8408593135123e-06,1080.2609686897,0.17943440272962,0.00044108751900102,0.24
1.8445593135123e-06,2698.2284461196,0,0,0.24
1.8482593135123e-06,5674.6576639578,0.006301266628722,1.5489839303643e-05,0.24
1.8519593135123e-06,8819.4207304513,0.017209220146786,4.23038843333e-05,0.24
1.8556593135123e-06,10887.827124586,0.03204050073753,7.8762292865118e-05,0.24
1.8593593135123e-06,11108.731953082,0.048594671168201,0.0001194559271588,0.24
1.8630593135123e-06,9444.2437862285,0.064062429650092,0.00015747893227653,0.24
1.8667593135123e-06,6539.8390979916,0.076091730747098,0.00018704948561234,0.24
1.8704593135123e-06,3472.3418760255,0.083626697904524,0.00020557202041427,0.24
1.8741593135123e-06,1394.8549852385,0.087289652918374,0.00021457633460761,0.24
1.8778593135123e-06,1135.5318631906,0.089193971452765,0.0002192575502772,0.24
1.8815593135123e-06,2845.9061706037,0.092190322088238,0.00022662321063972,0.24
1.8852593135123e-06,5874.8550361349,0.098753392557205,0.00024275661887219,0.24
1.8889593135123e-06,9009.6883797477,0.10995520224113,0.00027029302419157,0.24
1.8926593135123e-06,11011.068081745,0.12502242313892,0.00030733142364533,0.24
1.8963593135123e-06,11136.715203099,0.14169040188343,0.00034830482272229,0.24
1.9000593135123e-06,9385.6866492445,0.15713515106947,0.00038627126614913,0.24
1.9037593135123e-06,6434.1015729503,0.16904080728972,0.00041553787436019,0.24
1.9074593135123e-06,3375.0913766649,0.17642300971975,0.00043368488131698,0.24
1.9111593135123e-06,1360.0176386043,0.17998655806246,0.00044244483299522,0.24
1.9148593135123e-06,1195.8525799538,0.18191005487154,0.00044717319289956,0.24
1.9185593135123e-06,2997.6745209181,0,0,0.24
1.9222593135123e-06,6076.1078920385,0.0068287471683428,1.678649746397e-05,0.24
1.9259593135123e-06,9197.1779958812,0.018323116661873,4.5042076356621e-05,0.24
1.9296593135123e-06,11128.592127188,0.033619884741093,8.2644751084299e-05,0.24
1.9333593135123e-06,11158.082784568,0.050392390546181,0.00012387509967105,0.24
1.9370593135123e-06,9321.8061280496,0.065805145344039,0.00016176289415939,0.24
1.9407593135123e-06,6325.8968184005,0.077581293627478,0.00019071114461032,0.24
1.9444593135123e-06,3278.7969575525,0.084809594069385,0.00020847982809583,0.24
1.9481593135123e-06,1329.0004385992,0.088277330233781,0.00021700425327871,0.24
1.9518593135123e-06,1261.2175733966,0.090226676505249,0.00022179615660091,0.24
1.9555593135123e-06,3153.4279772042,0.09354905045372,0.00022996325086952,0.24
1.9592593135123e-06,6278.2802951427,0.10064716546532,0.00024741191117336,0.24
1.9629593135123e-06,9381.8146914069,0.1124326397503,0.00027638308689848,0.24
1.9666593135123e-06,11240.445929786,0.1279525406486,0.00031453426904768,0.24
1.9703593135123e-06,11173.001977205,0.14482045327444,0.00035599914767561,0.24
1.9740593135123e-06,9252.8468794556,0.16019253860699,0.00039378696806044,0.24
1.9777593135123e-06,6215.4968818684,0.17183370475488,0.00042240340401889,0.24
1.9814593135123e-06,3183.7149730711,0.17890736361267,0.00043979194595052,0.24
1.9851593135123e-06,1301.9952783636,0.1822832194337,0.00044809050991568,0.24
1.9888593135123e-06,1331.6945339138,0.18426528171262,0.00045296283606839,0.24
